thor,0.19.1
rake,11.1.1
rails,4.2.6
rack,1.6.4
activesupport,4.2.6
activerecord,4.2.6
actionpack,4.2.6
json,1.8.3
json,1.1.5
json,1.8.3
actionmailer,4.2.6
activeresource,4.0.0
mime-types,3.0
builder,3.2.2
i18n,0.7.0
activemodel,4.2.6
tzinfo,1.2.2
erubis,2.7.0
rack-test,0.6.3
treetop,1.6.5
polyglot,0.3.5
mail,2.6.3
arel,7.0.0
railties,4.2.6
multi_json,1.11.2
tilt,2.0.2
bundler,1.11.2
rdoc,4.2.2
nokogiri,1.6.7.2
nokogiri,1.6.7.2
nokogiri,1.6.7.2
nokogiri,1.4.4.1
nokogiri,1.6.7.2
nokogiri,1.6.1
rack-mount,0.8.3
sprockets,3.5.2
sass,3.4.21
rspec,3.4.0
rack-cache,1.6.1
net-ssh,3.0.2
jquery-rails,4.1.1
hike,2.1.3
diff-lcs,1.2.5
addressable,2.4.0
rack-ssl,1.4.1
sinatra,1.4.7
rspec-core,3.4.4
rspec-mocks,3.4.1
rspec-expectations,3.4.0
highline,1.7.8
execjs,2.6.0
daemons,1.2.3
haml,4.0.7
coffee-script-source,1.10.0
sqlite3,1.3.11
sqlite3,1.3.11
sqlite3,1.3.11
sqlite3,1.3.11
rest-client,1.8.0
rest-client,1.8.0
rest-client,1.8.0
rest-client,1.8.0
uglifier,2.7.2
abstract,1.0.0
ffi,0.6.3
ffi,1.9.10
ffi,1.9.10
ffi,1.9.10
ffi,1.9.10
rubyzip,1.2.0
bcrypt-ruby,3.1.5
bcrypt-ruby,3.1.5
bcrypt-ruby,3.1.5
bcrypt-ruby,3.1.5
bcrypt-ruby,3.1.2
systemu,2.6.5
sass-rails,5.0.4
coffee-script,2.4.1
eventmachine,1.0.9.1
eventmachine,0.12.0
eventmachine,1.0.9.1
eventmachine,1.0.3
eventmachine,1.0.3
journey,1.0.4
rspec-rails,3.4.2
json_pure,1.8.3
coffee-rails,4.1.1
net-ssh-gateway,1.2.0
selenium-webdriver,2.52.0
mysql2,0.4.3
mysql2,0.4.3
mysql2,0.4.3
mysql2,0.4.3
uuidtools,2.1.5
childprocess,0.5.9
net-scp,1.2.1
rubygems-update,2.6.2
mysql,2.8.1
mysql,2.9.1
mysql,2.9.1
mysql,2.9.1
mysql,2.7.3
will_paginate,3.1.0
warden,1.2.6
devise,3.5.6
pg,0.11.0
pg,0.18.4
pg,0.18.4
pg,0.8.0
pg,0.18.4
capistrano,3.4.0
factory_girl,4.5.0
term-ansicolor,1.3.2
xml-simple,1.1.5
gherkin,3.2.0
gherkin,2.6.5
gherkin,2.2.4
gherkin,2.2.4
gherkin,2.12.2
gherkin,2.12.2
gherkin,1.0.1
gherkin,2.12.2
net-sftp,2.1.2
httparty,0.13.7
thin,1.2.11
thin,1.2.11
thin,1.6.4
thin,0.7.1
faraday,0.9.2
launchy,2.4.3
launchy,2.4.3
cucumber,2.3.2
capybara,2.6.2
multipart-post,2.0.0
orm_adapter,0.5.0
yajl-ruby,1.2.1
yajl-ruby,1.1.0
yajl-ruby,1.1.0
sqlite3-ruby,1.2.5
sqlite3-ruby,1.2.3
sqlite3-ruby,1.3.2
sqlite3-ruby,1.3.2
sqlite3-ruby,1.3.3
fastthread,1.0.7
fastthread,1.0.1
fastercsv,1.5.5
columnize,0.9.0
multi_xml,0.5.5
paperclip,4.3.6
redis,3.2.2
xpath,2.0.0
crack,0.4.3
database_cleaner,1.5.1
oauth,0.5.1
bson,4.0.4
bson,1.6.4
bson,4.0.4
newrelic_rpm,3.15.0.314
therubyracer,0.5.1
therubyracer,0.12.2
therubyracer,0.5.2
therubyracer,0.5.0
therubyracer,0.5.0
mongo,2.2.4
mongo,1.10.2
hpricot,0.8.6
hpricot,0.8.6
hpricot,0.6.164
hpricot,0.8.2
hpricot,0.6.164
hpricot,0.8.6
rack-protection,1.5.3
hoe,3.14.2
libv8,3.3.10.4
libv8,3.16.14.1
libv8,3.11.8.13
libv8,3.16.14.7
libv8,4.5.95.5
libv8,3.11.8.3
libv8,3.16.14.3
libv8,4.5.95.5
libv8,3.16.14.5
libv8,4.5.95.5
libv8,3.16.14.3
libv8,4.5.95.5
libv8,3.16.14.3
libv8,3.16.14.7
libv8,3.3.10.4
libv8,4.5.95.5
libv8,3.3.10.4
libv8,3.16.14.11
bson_ext,1.12.5
ruby-hmac,0.4.0
factory_girl_rails,4.6.0
bunny,2.3.0
hashie,3.4.3
mocha,1.1.0
compass,1.0.3
passenger,5.0.26
excon,0.48.0
unicorn,5.0.1
chronic,0.10.2
oauth2,1.1.0
rmagick,2.15.4
chef,12.8.1
chef,12.3.0
chef,12.8.1
kgio,2.10.0
aws-s3,0.6.3
heroku,3.42.42
cucumber-rails,1.4.3
ohai,8.12.0
ansi,1.5.0
redis-namespace,1.5.2
RedCloth,4.2.9
RedCloth,4.2.9
RedCloth,4.2.9
RedCloth,4.2.3
RedCloth,4.2.9
fog,1.37.0
chunky_png,1.3.5
cancan,1.6.10
mixlib-log,1.6.0
coderay,1.1.1
mixlib-cli,1.5.0
rvm,1.11.3.9
mixlib-config,2.2.1
mixlib-authentication,1.4.0
guard,2.13.0
rubyforge,2.0.4
kaminari,0.16.3
fssm,0.2.10
open4,1.3.4
cascading.jruby,1.0.0
moneta,0.8.0
cocaine,0.5.8
resque,1.26.0
spork,0.9.2
spork,0.9.0
spork,0.9.0
formatador,0.2.5
archive-tar-minitar,0.5.2
vegas,0.1.11
linecache,1.3.1
linecache,1.3.1
linecache,0.46
ZenTest,4.11.0
libwebsocket,0.1.8
mongrel,1.1.5
mongrel,1.1.5
mongrel,1.1.5
mongrel,1.1.5
formtastic,3.1.3
faker,1.6.3
sexp_processor,4.7.0
raindrops,0.16.0
gem_plugin,0.2.3
ruby-debug-base,0.10.6
ruby-debug-base,0.10.4
ruby-debug-base,0.10.4
daemon_controller,1.2.0
net-ssh-multi,1.2.1
minitest,5.8.4
rcov,0.9.11
rcov,1.0.0
rcov,0.8.1.2.0
ruby-debug,0.10.6
ruby-debug,0.7.5
memcache-client,1.8.5
ruby-openid,2.7.0
ruby_parser,3.8.1
omniauth,1.3.1
state_machine,1.2.0
capistrano-ext,1.2.1
libxml-ruby,2.7.0
libxml-ruby,2.8.0
libxml-ruby,1.1.4
delayed_job,4.1.1
right_http_connection,1.5.0
macaddr,1.7.1
webrat,0.7.3
pry,0.10.3
pry,0.10.2
pry,0.10.2
pry,0.10.2
pry,0.10.3
right_aws,3.1.0
simplecov,0.11.2
uuid,2.3.8
awesome_print,1.6.1
mongoid,5.1.1
guard-rspec,4.6.4
aws-sdk,2.2.26
carrierwave,0.10.0
Platform,0.4.0
mechanize,2.7.4
simplecov-html,0.10.0
rubygems-bundler,1.4.4
whenever,0.9.4
configuration,1.3.4
slop,4.2.1
authlogic,3.4.6
httpclient,2.7.1
hoptoad_notifier,2.4.11
sequel,4.32.0
SystemTimer,1.2.3
method_source,0.8.2
shoulda,3.5.0
cgi_multipart_eof_fix,2.5.0
turn,0.9.7
foreman,0.50.0
foreman,0.50.0
foreman,0.78.0
foreman,0.67.0
foreman,0.69.0
responders,2.1.1
ruby_core_source,0.1.5
htmlentities,4.3.4
haml-rails,0.9.0
yard,0.8.7.6
log4r,1.1.10
net-ldap,0.14.0
extlib,0.9.16
rdiscount,2.1.8
curb,0.9.1
curb,0.7.7
curb,0.5.8.0
linecache19,0.5.12
data_objects,0.10.17
airbrake,5.1.0
yui-compressor,0.12.0
simple_form,3.2.1
inherited_resources,1.6.0
ipaddress,0.8.3
rufus-scheduler,3.2.0
metaclass,0.0.4
ci_reporter,2.0.0
dalli,2.7.6
twitter,5.16.0
test-unit,3.1.7
has_scope,0.7.0
puppet,4.3.2
puppet,4.3.2
puppet,4.3.2
rb-fsevent,0.9.7
dm-core,1.2.1
timecop,0.8.0
culerity,0.2.15
net-http-persistent,2.9.4
money,6.7.0
typhoeus,1.0.1
simple_oauth,0.3.1
webmock,1.24.2
stringex,2.6.0
jruby-openssl,0.9.4
jruby-openssl,0.9.16
activemerchant,1.58.0
POpen4,0.1.4
POpen4,0.1.4
dm-migrations,1.2.0
trollop,2.1.2
less,2.6.0
hirb,0.7.3
acts_as_list,0.7.2
rack-openid,1.4.2
http_parser.rb,0.6.0
http_parser.rb,0.5.3
http_parser.rb,0.5.3
http_parser.rb,0.6.0
braintree,2.58.0
ruby-debug-base19,0.11.25
acts-as-taggable-on,3.5.0
ruby-prof,0.15.9
ruby-prof,0.5.2
ruby-prof,0.7.3
ruby-prof,0.8.1
ruby-prof,0.12.1
shoulda-matchers,3.1.1
spreadsheet,1.1.1
faraday_middleware,0.10.0
friendly_id,5.1.0
mini_magick,4.4.0
do_sqlite3,0.10.17
do_sqlite3,0.10.17
do_sqlite3,0.10.17
do_sqlite3,0.10.17
rbx-require-relative,0.0.6
rbx-require-relative,0.0.7
rbx-require-relative,0.0.7
rbx-require-relative,0.0.7
rbx-require-relative,0.0.6
rbx-require-relative,0.0.9
dm-do-adapter,1.2.0
meta_search,1.1.3
ruby-ole,1.2.12
em-http-request,1.1.3
hmx_client,0.1.0
git,1.3.0
bouncy-castle-java,1.5.0147
jammit,0.7.0
celerity,0.9.2
bootstrap-sass,3.3.6
facter,2.4.6
facter,2.4.6
facter,2.4.6
facter,2.4.6
ruby-debug19,0.11.6
subexec,0.2.3
amqp,1.5.1
fakeweb,1.3.0
riddle,1.5.12
savon,2.11.1
listen,3.0.6
jwt,1.5.3
prawn,2.1.0
escape,0.0.4
omniauth-oauth2,1.4.0
httpauth,0.2.1
syntax,1.2.0
httpi,2.4.1
parallel,1.6.2
geokit,1.10.0
fattr,2.2.2
polyamorous,1.3.0
oa-core,0.3.2
thinking-sphinx,3.1.4
spruz,0.2.13
jasmine,2.4.0
dm-sqlite-adapter,1.2.0
email_spec,2.0.0
Ascii85,1.0.2
redcarpet,3.3.4
rsolr,1.1.1
wirble,0.1.3
guard-spork,2.1.0
autotest,4.4.6
oa-oauth,0.3.2
lockfile,2.1.3
colored,1.2
ruby2ruby,2.3.0
rb-inotify,0.9.7
mixlib-shellout,2.0.1
mixlib-shellout,2.2.6
mixlib-shellout,2.2.6
pdf-reader,1.4.0
fxruby,1.6.20
fxruby,1.6.33
fxruby,1.6.33
fxruby,1.6.19
fxruby,1.6.33
fxruby,1.6.14
fxruby,1.6.20
fxruby,1.6.19
sanitize,4.0.1
commonjs,0.2.7
gyoku,1.3.1
ruby-progressbar,1.7.5
ruby-openid-apps-discovery,1.2.0
less-rails,2.7.1
em-websocket,0.5.1
closure-compiler,1.1.12
rr,1.1.2
gemcutter,0.7.1
msgpack,0.7.4
msgpack,0.7.4
msgpack,0.6.1
msgpack,0.4.7
msgpack,0.7.4
msgpack,0.7.4
liquid,3.0.6
em-resolv-replace,1.1.3
net-http-digest_auth,1.4
netrc,0.11.0
aws,2.10.2
babosa,1.0.2
webrobots,0.1.2
jeweler,2.0.1
omniauth-facebook,3.0.0
rspec-instafail,0.4.0
rubyntlm,0.6.0
annotate,2.7.0
aasm,4.9.0
dynamic_form,1.1.4
alpha_omega,1.5.15
amazon-ec2,0.9.17
pyu-ruby-sasl,0.0.3.3
activerecord-jdbc-adapter,1.0.3
activerecord-jdbc-adapter,1.3.20
backports,3.6.8
librex,0.0.999
compass-rails,3.0.2
nori,2.6.0
oa-openid,0.3.2
haml-edge,3.1.79
paper_trail,4.1.0
exception_notification,4.1.4
taps,0.3.24
blankslate,3.1.3
parseconfig,1.0.8
god,0.13.7
geoip,1.6.1
jasmine-core,2.4.1
win32-api,1.5.3
win32-api,1.4.9
win32-api,1.0.4
win32-api,1.4.6
win32-api,1.4.0
win32-api,1.4.8
koala,2.2.0
em-socksify,0.3.1
oa-enterprise,0.3.2
mongo_mapper,0.13.1
oa-basic,0.3.2
bluepill,0.1.1
resque-scheduler,4.1.0
file-tail,1.1.0
flog,4.3.2
six-updater-web,0.24.15
sunspot,2.2.5
http_connection,1.4.4
vcr,3.0.1
wasabi,3.5.0
fuubar,2.0.0
capybara-webkit,1.8.0
attribute-kit,0.2.0
bourbon,4.2.6
dragonfly,1.0.12
mustache,1.0.2
rails_best_practices,1.16.0
dm-validations,1.2.0
akami,1.3.1
zip,2.0.2
RubyInline,3.12.4
milia,1.2.0
maruku,0.7.2
memcached,1.8.0
heroku-api,0.4.2
dm-timestamps,1.2.0
machinist,2.0
jruby-pageant,1.1.1
jruby-pageant,1.1.1
rmail,1.1.2
stomp,1.3.5
twitter-bootstrap-rails,3.2.2
rb-fchange,0.0.6
vj-sdk,0.8.2
growl,1.0.3
dm-aggregates,1.2.0
sunspot_rails,2.2.5
escape_utils,1.2.0
rpm_contrib,2.2.0
ttfunk,1.4.0
nifty-generators,0.4.6
logging,2.1.0
rabl,0.12.0
scale_down,0.8.1
posix-spawn,0.3.11
ruby-graphviz,1.2.2
rubydraw,0.3.2.5
viewcumber,0.3.1
debugger-ruby_core_source,1.3.8
windows-pr,1.2.4
windows-pr,0.5.2
dm-types,1.2.2
thrift,0.9.3.0
bundle,0.0.1
plucky,0.6.6
kramdown,1.10.0
activeadmin,0.6.6
flay,2.7.0
debugger,1.6.8
omniauth-oauth,1.1.0
debugger-linecache,1.2.0
pr_geohash,1.0.0
engen,0.1.5
awesome_nested_set,3.0.3
aaronh-chronic,0.3.9
jenkins,0.6.8
cookiejar,0.3.3
hiredis,0.6.1
hiredis,0.6.1
geocoder,1.3.1
slim,3.0.6
active_utils,3.2.0
rails3-generators,1.0.0
bitly,0.10.4
pony,1.11
progressbar,0.21.0
sup,0.22.1
ffaker,2.2.0
fb_graph,2.7.17
selenium-client,1.2.18
health_check,1.5.1
plist,3.2.0
jquery-ui-rails,5.0.5
routo,0.0.4
little-plugger,1.1.4
omniauth-twitter,1.2.1
temple,0.7.6
ruby-debug-ide,0.6.0
searchlogic,2.5.19
icalendar,2.3.0
bluecloth,2.1.0
bluecloth,2.2.0
bluecloth,2.1.0
oa-more,0.3.2
dm-serializer,1.2.2
pdfkit,0.8.2
autotest-rails,4.2.1
main,6.2.0
truncate_html,0.9.3
configatron,4.5.0
jruby-jars,9.0.5.0
sys-proctable,1.0.0
sys-proctable,0.9.0
sys-proctable,1.0.0
sys-proctable,1.0.0
sys-proctable,0.9.0
sys-proctable,0.8.1
sys-proctable,1.0.0
sys-proctable,0.9.2
sys-proctable,1.0.0
sys-proctable,0.9.0
sys-proctable,0.9.0
sys-proctable,0.7.6
sys-proctable,0.8.1
sys-proctable,1.0.0
sys-proctable,0.9.0
sys-proctable,1.0.0
sys-proctable,0.7.6
sys-proctable,0.7.6
sys-proctable,0.7.6
rake-compiler,0.9.6
foreigner,1.7.4
six-updater,0.22.5
six-updater,0.22.5
six-updater,0.22.5
six-updater,0.17.1
system_timer,1.2.4
delayed_job_active_record,4.1.0
domain_name,0.5.20160309
simplecov-rcov,0.2.3
rvm-capistrano,1.5.6
http_router,0.11.2
ntlm-http,0.1.1
parallel_tests,2.4.1
rchardet,1.6.1
spider,0.4.4
jruby-launcher,1.1.1
dm-constraints,1.2.0
connection_pool,2.2.0
unf_ext,0.0.7.2
unf_ext,0.0.7.2
unf_ext,0.0.7.2
unf,0.1.4
unf,0.1.4
unf,0.1.3
prawn-layout,0.8.4
settingslogic,2.0.9
facets,3.0.0
refinerycms,3.0.1
routing-filter,0.5.1
prawn-core,0.8.4
soap4r,1.5.8
pickle,0.5.1
jruby-rack,1.1.20
arrayfields,4.9.2
color,1.8
after_commit,1.0.11
scout,5.9.8
windows-api,0.4.4
grit,2.5.0
mini_exiftool,2.5.1
recaptcha,1.1.0
flexmock,2.0.4
twitter-stream,0.1.16
exceptional,2.0.33
remotipart,1.2.1
choice,0.2.0
ruby-rc4,0.1.5
guard-cucumber,2.0.0
win32-process,0.8.3
dm-transactions,1.2.0
activerecord-sqlserver-adapter,4.2.8
shoulda-context,1.2.1
watchr,0.7
client_side_validations,4.2.3
activerecord-jdbcmysql-adapter,1.0.3
activerecord-jdbcmysql-adapter,1.3.20
reek,3.11
css_parser,1.3.7
rack-oauth2,1.3.0
activerecord-import,0.12.0
terminal-table,1.5.2
vagrant,1.5.0
SyslogLogger,2.0
declarative_authorization,0.5.7
capistrano_colors,0.5.5
do_mysql,0.10.17
do_mysql,0.10.17
do_mysql,0.10.17
do_mysql,0.10.17
yamler,0.1.0
guard-livereload,2.5.2
sitemap_generator,5.1.0
autotest-growl,0.2.16
padrino-core,0.13.1
directory_watcher,1.5.1
prawn-security,0.8.4
simple-navigation,4.0.3
globalize3,0.3.1
cells,4.0.4
pry-rails,0.3.4
roodi,5.0.0
padrino-helpers,0.13.1
tmail,1.2.7.1
jnunemaker-validatable,1.8.4
jdbc-mysql,5.1.38
validates_timeliness,4.0.2
churn,1.0.2
garb,0.9.8
acts_as_tree,2.4.0
http_configuration,1.0.4
acts_as_indexed,0.8.3
fast-stemmer,1.0.2
ejs,1.1.1
bindata,2.2.0
rush,0.6.8
headless,2.2.2
devise_invitable,1.5.5
composite_primary_keys,8.1.2
andand,1.3.3
rex,2.0.10
tinder,1.10.1
redis-store,1.1.7
rails3-jquery-autocomplete,1.0.15
ancestry,2.1.0
commonwatir,4.0.0
popen4,0.1.2
text-hyphen,1.4.1
transaction-simple,1.4.0.2
jekyll,3.1.2
sys-cpu,0.6.1
sys-cpu,0.7.2
sys-cpu,0.6.3
sys-cpu,0.6.4
sys-cpu,0.6.3
sys-cpu,0.6.0
sys-cpu,0.6.0
sys-cpu,0.7.0
ezcrypto,0.7.2
Saikuro,1.1.0
resque_mailer,2.2.7
ruby-oci8,2.2.1
ruby-oci8,2.2.1
ruby-oci8,1.0.5
ruby-oci8,2.0.3
ruby-oci8,2.2.1
watir-webdriver,0.9.1
cloudfiles,1.5.0.3
attr_required,1.0.1
pdf-writer,1.1.8
selenium-rc,2.20.0
metric_fu,4.12.0
cmdparse,3.0.1
fcgi,0.9.2.1
shotgun,0.9.1
dicks,0.03
rails_autolink,1.1.6
url_mount,0.2.1
loofah,2.0.3
classifier,1.3.4
echoe,4.6.6
i18n-js,2.1.2
pusher,0.17.0
rails-i18n,4.0.8
gettext,3.2.1
gettext,1.10.0
jsmin,1.0.1
sprout,0.7.246
sprout,0.7.246
sprout,0.7.246
sprout,0.7.219
sprout,0.7.246
sprout,0.7.246
guard-bundler,2.1.0
tins,1.9.0
albino,1.3.3
session,3.2.0
ncursesw,1.4.9
calendar_date_select,2.1.2
googlecharts,1.6.12
aws-ses,0.6.0
spoon,0.0.4
user-choices,1.1.6.1
beanstalk-client,1.1.1
draper,2.1.0
nested_set,1.7.1
fabrication,2.15.0
warbler,1.4.9
rails-erd,1.4.6
rack-contrib,1.4.0
s4t-utils,1.0.4
spree,3.0.7
ruby-shadow,2.5.0
encryptor,2.0.0
flvtool2,1.0.6
elif,0.1.0
squeel,1.2.3
ruport,1.6.3
hominid,3.0.5
libnotify,0.7.3
libnotify,0.5.3
libnotify,0.9.1
libnotify,0.5.4
libnotify,0.5.3
thrift_client,0.9.3
useragent,0.16.5
deprecated,3.0.1
twilio-ruby,4.11.1
timeliness,0.3.8
padrino-gen,0.13.1
engineyard,3.2.1
engineyard-serverside,2.6.4
forgery,0.6.0
padrino,0.13.1
padrino-mailer,0.13.1
padrino-admin,0.13.1
configliere,0.4.22
middleman,4.1.2
middleman,2.0.16.1
celluloid,0.17.3
rainbow,2.1.0
rb-readline,0.5.3
couchrest,1.2.1
home_run,1.0.9
home_run,0.9.0
home_run,1.0.9
home_run,1.0.9
ya2yaml,0.31
ckeditor,4.1.6
rubypython,0.6.3
gdata,1.1.2
roo,2.3.2
sunspot_solr,2.2.5
locale,2.1.2
gravatar_image_tag,1.2.0
xmpp4r,0.5.6
signature,0.1.8
rack-rewrite,1.5.1
google-spreadsheet-ruby,0.3.1
carmen,1.0.2
six-rsync,0.8.0
scope,0.2.3
remarkable,3.1.13
aruba,0.14.0
text-format,1.0.0
ParseTree,3.0.9
ParseTree,3.0.3
ParseTree,3.0.3
sys-uname,0.9.1
sys-uname,0.8.3
sys-uname,1.0.2
sys-uname,0.9.2
sys-uname,0.8.1
sax-machine,1.3.2
hodel_3000_compliant_logger,0.1.1
dbi,0.4.5
activerecord-oracle_enhanced-adapter,1.6.7
postgres,0.8.1
s3,0.3.24
barista,1.3.0
backlog,0.41.4
geoip_city,0.2.0
omniauth-linkedin,0.2.0
postmark,1.7.1
gosu,0.7.9.1
gosu,0.7.7.1
gosu,0.7.9.1
gosu,0.10.6
gosu,0.7.7.1
gosu,0.10.6
gosu,0.7.18
gosu,0.7.45
gosu,0.10.6
gosu,0.7.8.5
gosu,0.7.38
firewatir,1.9.4
twitter_oauth,0.4.94
amq-client,1.0.4
actionwebservice,1.2.6
bullet,5.0.0
eventmachine_httpserver,0.2.0
eventmachine_httpserver,0.2.1
toadhopper,2.1
watir,5.0.0
watir,5.0.0
rack-pjax,0.8.0
seo_meta,1.4.0
dnssd,3.0.1
map,6.6.0
pygments.rb,0.6.3
vmail,2.9.6
redgreen,1.2.2
em-synchrony,1.0.4
rubigen,1.5.8
base2_cms,0.7.25
amq-protocol,2.0.1
resque-retry,1.5.0
do_postgres,0.10.17
do_postgres,0.10.17
do_postgres,0.10.17
do_postgres,0.10.17
sidekiq,4.1.1
perftools.rb,2.0.4
mongrel_cluster,1.0.5
simple-rss,1.3.1
autotest-fsevent,0.2.11
clamp,1.0.0
moped,2.0.7
rgeo,0.5.3
msfrpc-client,1.0.3
redcar,0.13
proxies,0.2.1
refinerycms-core,3.0.1
hashr,2.0.0
quiet_assets,1.1.0
ruby_protobuf,0.4.11
autobuild,1.9.3
colorize,0.7.7
girl_friday,0.11.2
droid,1.1.1
gmaps4rails,2.1.2
refinerycms-dashboard,2.1.5
faye,1.1.2
ri_cal,0.8.8
refinerycms-resources,3.0.1
refinerycms-images,3.0.1
refinerycms-pages,3.0.1
refinerycms-authentication,2.1.5
facebooker,1.0.75
origin,2.2.0
steak,2.0.0
remarkable_activerecord,3.1.13
mutter,0.5.3
datamapper,1.2.0
refinerycms-i18n,3.0.1
hashery,2.1.1
rest,3.0.6
rails-footnotes,4.1.8
clockwork,1.2.0
rjb,1.5.4
rjb,1.0.11
rjb,1.3.8
rjb,1.4.9
rjb,1.3.0
rjb,1.3.4
faye-websocket,0.4.7
faye-websocket,0.10.3
stripe,1.36.2
asset_sync,1.1.0
meta_where,1.0.4
request-log-analyzer,1.13.4
spree_core,3.0.7
jdbc-sqlite3,3.8.11.2
jdbc-sqlite3,3.6.14.2.056
sproutcore,1.11.0
sproutcore,1.6.0.1
sproutcore,1.6.0.1
activerecord-jdbcsqlite3-adapter,1.3.20
activerecord-jdbcsqlite3-adapter,1.0.3
rhodes,3.5.1.12
sinatra-contrib,1.4.6
tupalo-kdtree,0.2.3
acts_as_ferret,0.5.4
dbf,3.0.5
oink,0.10.1
backup,4.2.3
tlsmail,0.0.1
json-schema,2.6.1
happymapper,0.4.1
gruff,0.6.0
gruff,0.6.0
merb-core,1.1.3
unicode,0.4.4.3
unicode,0.4.4.3
unicode,0.4.4.2
unicode,0.4.4.2
fossil,0.5.50
rubycas-client,2.3.9
engineyard-serverside-adapter,2.4.0
brakeman,3.2.1
prototype-rails,4.0.1
feedzirra,0.8.0
activerecord-jdbcpostgresql-adapter,1.3.20
activerecord-jdbcpostgresql-adapter,1.0.3
virtualbox,0.9.2
ferret,0.11.8.6
resque-status,0.5.0
